{"cameraMode":{"drawMode":0,"name":"Shaded","section":"Shading Mode"},"sceneLighting":false,"audioPlay":false,"sceneViewState":{"showFog":true,"showMaterialUpdate":true,"showSkybox":false,"showFlares":true,"showImageEffects":true,"showParticleSystems":true},"in2DMode":false,"pivot":{"x":-0.6623280644416809,"y":-0.37166154384613039,"z":0.2068091630935669},"rotation":{"x":0.0023842384107410909,"y":-0.9974613189697266,"z":0.05841819941997528,"w":0.04071518033742905},"size":0.7732686400413513,"orthographic":false}