{"cameraMode":{"drawMode":0,"name":"Shaded","section":"Shading Mode"},"sceneLighting":true,"audioPlay":false,"sceneViewState":{"showFog":true,"showMaterialUpdate":true,"showSkybox":false,"showFlares":true,"showImageEffects":true,"showParticleSystems":true},"in2DMode":false,"pivot":{"x":0.7394970059394836,"y":2.355982780456543,"z":6.424044132232666},"rotation":{"x":0.4644402861595154,"y":0.0026560125406831505,"z":-0.0013942297082394362,"w":0.8856096267700195},"size":4.774380683898926,"orthographic":false}