{"cameraMode":{"drawMode":0,"name":"Shaded","section":"Shading Mode"},"sceneLighting":false,"audioPlay":false,"sceneViewState":{"showFog":true,"showMaterialUpdate":true,"showSkybox":false,"showFlares":true,"showImageEffects":true,"showParticleSystems":true},"in2DMode":false,"pivot":{"x":-0.08192813396453858,"y":0.572364866733551,"z":0.19581136107444764},"rotation":{"x":0.13755857944488526,"y":0.0074286311864852909,"z":-0.0010317087871953846,"w":0.9904654026031494},"size":1.3702812194824219,"orthographic":false}