{"cameraMode":{"drawMode":0,"name":"Shaded","section":"Shading Mode"},"sceneLighting":false,"audioPlay":false,"sceneViewState":{"showFog":true,"showMaterialUpdate":true,"showSkybox":false,"showFlares":true,"showImageEffects":true,"showParticleSystems":true},"in2DMode":false,"pivot":{"x":0.10845153778791428,"y":-0.09429745376110077,"z":0.28656113147735598},"rotation":{"x":0.43572503328323367,"y":0.013500338420271874,"z":-0.006536366883665323,"w":0.8999550342559815},"size":0.770281195640564,"orthographic":false}