{"cameraMode":{"drawMode":0,"name":"Shaded","section":"Shading Mode"},"sceneLighting":true,"audioPlay":false,"sceneViewState":{"showFog":true,"showMaterialUpdate":true,"showSkybox":false,"showFlares":true,"showImageEffects":true,"showParticleSystems":true},"in2DMode":false,"pivot":{"x":1.9064998626708985,"y":0.49320632219314577,"z":12.250001907348633},"rotation":{"x":0.2304128259420395,"y":0.0014590579085052014,"z":-0.00034679233795031905,"w":0.9731011986732483},"size":21.911296844482423,"orthographic":false}