{"cameraMode":{"drawMode":0,"name":"Shaded","section":"Shading Mode"},"sceneLighting":true,"audioPlay":false,"sceneViewState":{"showFog":true,"showMaterialUpdate":true,"showSkybox":false,"showFlares":true,"showImageEffects":true,"showParticleSystems":true},"in2DMode":false,"pivot":{"x":3.737771511077881,"y":1.293212652206421,"z":8.867960929870606},"rotation":{"x":0.4644402861595154,"y":0.0026560125406831505,"z":-0.0013942297082394362,"w":0.8856096267700195},"size":7.188497543334961,"orthographic":false}