{"cameraMode":{"drawMode":0,"name":"Shaded","section":"Shading Mode"},"sceneLighting":true,"audioPlay":false,"sceneViewState":{"showFog":true,"showMaterialUpdate":true,"showSkybox":false,"showFlares":true,"showImageEffects":true,"showParticleSystems":true},"in2DMode":false,"pivot":{"x":5.979518413543701,"y":1.2460469007492066,"z":8.786273002624512},"rotation":{"x":0.4644402861595154,"y":0.0026560125406831505,"z":-0.0013942297082394362,"w":0.8856096267700195},"size":1.8799004554748536,"orthographic":false}