{"cameraMode":{"drawMode":0,"name":"Shaded","section":"Shading Mode"},"sceneLighting":true,"audioPlay":false,"sceneViewState":{"showFog":true,"showMaterialUpdate":true,"showSkybox":false,"showFlares":true,"showImageEffects":true,"showParticleSystems":true},"in2DMode":false,"pivot":{"x":-9.539154052734375,"y":-1.2655448913574219,"z":5.245573997497559},"rotation":{"x":0.4644402861595154,"y":0.0026560125406831505,"z":-0.0013942297082394362,"w":0.8856096267700195},"size":8.430391311645508,"orthographic":false}