{"cameraMode":{"drawMode":0,"name":"Shaded","section":"Shading Mode"},"sceneLighting":true,"audioPlay":false,"sceneViewState":{"showFog":true,"showMaterialUpdate":true,"showSkybox":false,"showFlares":true,"showImageEffects":true,"showParticleSystems":true},"in2DMode":false,"pivot":{"x":5.807999134063721,"y":0.12999999523162843,"z":4.5},"rotation":{"x":0.2304128259420395,"y":0.0014590579085052014,"z":-0.00034679233795031905,"w":0.9731011986732483},"size":1.4251668453216553,"orthographic":false}