{"cameraMode":{"drawMode":0,"name":"Shaded","section":"Shading Mode"},"sceneLighting":false,"audioPlay":false,"sceneViewState":{"showFog":true,"showMaterialUpdate":true,"showSkybox":false,"showFlares":true,"showImageEffects":true,"showParticleSystems":true},"in2DMode":false,"pivot":{"x":-0.0836891233921051,"y":0.6788865923881531,"z":-0.011308485642075539},"rotation":{"x":0.19512103497982026,"y":0.5006580352783203,"z":-0.11696438491344452,"w":0.8352264165878296},"size":0.5017298460006714,"orthographic":false}