{"cameraMode":{"drawMode":0,"name":"Shaded","section":"Shading Mode"},"sceneLighting":true,"audioPlay":false,"sceneViewState":{"showFog":true,"showMaterialUpdate":true,"showSkybox":false,"showFlares":true,"showImageEffects":true,"showParticleSystems":true},"in2DMode":false,"pivot":{"x":15.730182647705079,"y":-0.38059303164482119,"z":3.485750198364258},"rotation":{"x":0.37313777208328249,"y":-0.022264650091528894,"z":0.008954728953540326,"w":0.9274781346321106},"size":3.036457061767578,"orthographic":false}