{"cameraMode":{"drawMode":0,"name":"Shaded","section":"Shading Mode"},"sceneLighting":true,"audioPlay":false,"sceneViewState":{"showFog":true,"showMaterialUpdate":true,"showSkybox":false,"showFlares":true,"showImageEffects":true,"showParticleSystems":true},"in2DMode":false,"pivot":{"x":2.5421881675720217,"y":3.22072172164917,"z":6.060390949249268},"rotation":{"x":0.2304128259420395,"y":0.0014590579085052014,"z":-0.00034679233795031905,"w":0.9731011986732483},"size":2.625166654586792,"orthographic":false}